{"cameraMode":{"drawMode":0,"name":"Shaded","section":"Shading Mode"},"sceneLighting":true,"audioPlay":false,"sceneViewState":{"m_AlwaysRefresh":false,"showFog":true,"showSkybox":true,"showFlares":true,"showImageEffects":true,"showParticleSystems":true,"showVisualEffectGraphs":true,"m_FxEnabled":true},"in2DMode":false,"pivot":{"x":5.809561729431152,"y":0.9700019359588623,"z":3.7100000381469728},"rotation":{"x":0.24193356931209565,"y":-0.03432744741439819,"z":0.008624152280390263,"w":0.9697114825248718},"size":5.242631435394287,"orthographic":false}