{"cameraMode":{"drawMode":0,"name":"Shaded","section":"Shading Mode"},"sceneLighting":true,"audioPlay":false,"sceneViewState":{"m_AlwaysRefresh":false,"showFog":true,"showSkybox":true,"showFlares":true,"showImageEffects":true,"showParticleSystems":true,"showVisualEffectGraphs":true,"m_FxEnabled":true},"in2DMode":false,"pivot":{"x":31.399999618530275,"y":0.9700000286102295,"z":-40.900001525878909},"rotation":{"x":0.6456730961799622,"y":-0.014346054755151272,"z":0.012304568663239479,"w":0.7634698152542114},"size":6.061519622802734,"orthographic":false}