{"cameraMode":{"drawMode":0,"name":"Shaded","section":"Shading Mode"},"sceneLighting":false,"audioPlay":false,"sceneViewState":{"m_AlwaysRefresh":false,"showFog":true,"showSkybox":false,"showFlares":true,"showImageEffects":true,"showParticleSystems":true,"showVisualEffectGraphs":true,"m_FxEnabled":true},"in2DMode":false,"pivot":{"x":31.389488220214845,"y":0.9649604558944702,"z":-40.89995574951172},"rotation":{"x":-0.0015005620662122965,"y":-0.0038997980300337078,"z":0.00012973573757335544,"w":1.0000617504119874},"size":1.8104729652404786,"orthographic":false}